A252DFRIV3FXC6	3XU80RHWI2AHFPIHV2VWHQV67TQ44J	True	User		single_happy	5	1588591171
A252DFRIV3FXC6	3VGET1QS03TQ7EJK76ZMFUY7IRE7WX	True	User		single_happy	5	1589271611
A252DFRIV3FXC6	32K26U12EQIT9YKP89XCTKPPXTEVD3	True	Wizard		single_happy	5	1589271612
A252DFRIV3FXC6	3CKVGCS3QJZJIM2R224C3QLZ40C0SB	True	User		single_happy	4	1589272153
A252DFRIV3FXC6	3W5PY7V3VS1NGEFMNG673HOWKUDYJT	True	Wizard		single_happy	4	1589272153
A252DFRIV3FXC6	32TMVRKDHQSIYQ5J75L9Y2BB9IL84Z	True	User		single_happy	3	1589272544
A252DFRIV3FXC6	3MJ28H2Y2H23F1WZSRTF0G7POJK5O4	True	Wizard		single_happy	3	1589272544
A252DFRIV3FXC6	3ZQX1VYFUGZM2JF1QP0IC0HGQ9L8O9	True	User		single_happy	6	1589273084
A252DFRIV3FXC6	3PGQRAZX15EGFHYCAAFLVIFJGDQYS9	True	Wizard		single_happy	6	1589273085
A252DFRIV3FXC6	3PA41K45WQY0N5MJVKLRN0QBPUB7P2	True	User		single_happy	5	1589276949
A252DFRIV3FXC6	3E9ZFLPWP1M2LY5602Z5822N59VIXW	True	Wizard		single_happy	5	1589276950
